text,corrAns,letterColor,trials.thisRepN,trials.thisTrialN,trials.thisN,trials.thisIndex,resp.keys,resp.corr,resp.rt,date,frameRate,expName,session,participant,
blue,right,blue,0,0,0,4,left,0,3.0001168478,2015_Oct_23_1419,59.998673649,stroop,01,999,
green,down,green,0,1,1,2,left,0,1.16677298764,2015_Oct_23_1419,59.998673649,stroop,01,999,
green,right,blue,0,2,2,3,left,0,0.666744959948,2015_Oct_23_1419,59.998673649,stroop,01,999,
red,down,green,0,3,3,1,left,0,0.0334141267231,2015_Oct_23_1419,59.998673649,stroop,01,999,
blue,left,red,0,4,4,5,right,0,0.0334299170063,2015_Oct_23_1419,59.998673649,stroop,01,999,
red,left,red,0,5,5,0,left,1,0.283445509849,2015_Oct_23_1419,59.998673649,stroop,01,999,
